CS105;EV377   
EV203;EV377   
CS155;EV377   
EV203;EV377   
EV203;EV377   
IT105;EV377   
EV203;EV377   
IT155;EV377   
EV203X;EV377   
IT105;EV377   
EV203;EV478   
EV203X;EV478   
PH206;SA473   
PH204;PH365   
PH254;PH365   
PH202;PH365   
PH252;PH365   
PH206;PH365   
PH256;PH365   
PH363;PH381   
PH202;PH381   
PH252;PH381   
PH206;PH381   
PH256;PH381   
PH363;PH382   
PH382;PH384   
PH365;PH484   
PH384;PH485   
CH102;CH371   
CH152;CH371   
CH102;CH383   
CH152;CH383   
CH383;CH384   
CH375;CH385   
CH375;CH387   
CH375;CH457   
CH102;CH460   
CH375;CH460   
CH387;CH460   
CH102;CH460   
CH385;CH460   
CH387;CH460   
CH152;CH460   
CH375;CH460   
CH387;CH460   
CH152;CH460   
CH385;CH460   
CH387;CH460   
NE300;NE474   
CH102;CH362   
CH152;CH362   
CH102;CH371   
CH152;CH371   
CH102;CH383   
CH152;CH383   
CH383;CH384   
CH102;CH471   
CH152;CH471   
CH384;CH472   
CH481;CH472   
CH371;CH474   
PH204;CH474   
CH371;CH474   
PH254;CH474   
CH371;CH474   
PH256;CH474   
PH202;CH474   
CH371;CH474   
PH252;CH474   
CH371;CH474   
PH206;CH474   
CH371;CH474   
CH481;CH482   
IT105;CS301   
IT155;CS301   
CS105;CS301   
CS155;CS301   
CS301;CS380   
EE360;CS380   
CY300;CS380   
EE360;CS380   
CS360;CS384   
CS360A;CS384   
CS301;CS384   
CY300;CS384   
CS384;CS385   
MA372;CS385   
CS301;CS393   
IT305;CS393   
IT355;CS393   
CY300;CS393   
CY305;CS393   
CY300;CS393   
CY355;CS393   
CS350;CS403   
CS384;CS403   
CS384;CS403   
CS393;CS403   
CS384;CS473   
MA205;CS473   
PH203;CS473   
CS384;CS473   
MA255;CS473   
PH203;CS473   
CS384;CS473   
MA104;CS473   
PH205;CS473   
CS384;CS473   
MA104;CS473   
PH255;CS473   
CS384;CS473   
MA255;CS473   
PH251;CS473   
CS384;CS473   
MA205;CS473   
PH251;CS473   
CS384;CS473   
MA205;CS473   
PH201;CS473   
CS384;CS473   
MA255;CS473   
PH201;CS473   
CS384;CS473   
MA255;CS473   
PH253;CS473   
CS384;CS473   
MA205;CS473   
PH253;CS473   
CS403;CS478   
CS384;CS484   
IT350;CS484   
CS384;CS486   
EE360;CS486   
CS384;CS486   
EE300;CS486   
CS105;EE360   
CS155;EE360   
IT105;EE360   
IT155;EE360   
MA206;MA372   
MA206;MA464   
MA205;MA371   
MA255;MA371   
MA206;MA372   
MA206;MA376   
MA205;MA381   
MA255;MA381   
MA205;MA383   
MA205X;MA383   
MA255;MA383   
MA205;MA385   
MA255;MA385   
CS105;MA386   
MA205;MA386   
CS105;MA386   
MA255;MA386   
CS155;MA386   
MA205;MA386   
IT155;MA386   
MA205;MA386   
IT155;MA386   
MA255;MA386   
CS155;MA386   
MA255;MA386   
IT105;MA386   
MA205;MA386   
IT105;MA386   
MA255;MA386   
MA383;MA387   
MA205;MA391   
MA255;MA391   
CS105;MA396   
MA205;MA396   
CS105;MA396   
MA255;MA396   
CS155;MA396   
MA255;MA396   
IT155;MA396   
MA205;MA396   
IT155;MA396   
MA255;MA396   
MA255;MA396   
CS155;MA396   
MA205;MA396   
IT105;MA396   
MA205;MA396   
IT105;MA396   
MA206;MA461   
MA206;MA462   
MA206;MA464   
MA206;MA466   
MA206;MA476   
MA205;MA484   
MA205X;MA484   
MA255;MA484   
MA205;MA485   
MA255;MA485   
MA387;MA487   
PH204;PH365   
PH254;PH365   
PH202;PH365   
PH252;PH365   
PH206;PH365   
PH256;PH365   
PH363;PH381   
PH202;PH381   
PH252;PH381   
PH206;PH381   
PH256;PH381   
PH363;PH382   
PH382;PH384   
MA206;PH481   
PH484;PH481   
PH381;PH482   
PH365;PH484   
PH384;PH485   
PH484;PH486   
PH485;PH486   
PH484;PH487   
MA205;MA364   
MA255;MA364   
IT105;CY305   
IT155;CY305   
IT105;CY355   
IT155;CY355   
MA205;EE301   
PH202;EE301   
MA205;EE301   
PH252;EE301   
MA255;EE301   
PH204;EE301   
MA205;EE301   
PH254;EE301   
MA255;EE301   
PH254;EE301   
MA255;EE301   
PH202;EE301   
MA255;EE301   
PH252;EE301   
MA205;EE301   
PH204;EE301   
IT105;IT460   
SS307;IT460   
IT105;IT460   
SS357;IT460   
IT155;IT460   
SS307;IT460   
IT155;IT460   
SS357;IT460   
CH101;MC311   
MA205;MC311   
PH201;MC311   
CH151;MC311   
MA255;MC311   
PH255;MC311   
CH151;MC311   
MA255;MC311   
PH205;MC311   
CH151;MC311   
MA205;MC311   
PH255;MC311   
CH101;MC311   
MA255;MC311   
PH255;MC311   
CH151;MC311   
MA205;MC311   
PH205;MC311   
CH101;MC311   
MA255;MC311   
PH205;MC311   
CH101;MC311   
MA205;MC311   
PH255;MC311   
CH151;MC311   
MA255;MC311   
PH251;MC311   
CH101;MC311   
MA205;MC311   
PH205;MC311   
CH151;MC311   
MA255;MC311   
PH201;MC311   
CH151;MC311   
MA205;MC311   
PH251;MC311   
CH101;MC311   
MA255;MC311   
PH251;MC311   
CH151;MC311   
MA205;MC311   
PH201;MC311   
CH101;MC311   
MA255;MC311   
PH201;MC311   
CH101;MC311   
MA205;MC311   
PH251;MC311   
PH201;PH206   
PH205;PH206   
PH251;PH206   
PH255;PH206   
PH205;PH256   
PH255;PH256   
PH201;PH256   
PH251;PH256   
MA104;MA205   
MA153;MA255   
IT105;CY305   
IT155;CY305   
IT105;CY355   
IT155;CY355   
MA205;EE301   
PH202;EE301   
MA205;EE301   
PH252;EE301   
MA255;EE301   
PH204;EE301   
MA205;EE301   
PH254;EE301   
MA255;EE301   
PH254;EE301   
MA255;EE301   
PH202;EE301   
MA255;EE301   
PH252;EE301   
MA205;EE301   
PH204;EE301   
