MA205;EE301   
PH202;EE301   
MA205;EE301   
PH252;EE301   
MA255;EE301   
PH204;EE301   
MA205;EE301   
PH254;EE301   
MA255;EE301   
PH254;EE301   
MA255;EE301   
PH202;EE301   
MA255;EE301   
PH252;EE301   
MA205;EE301   
PH204;EE301   
MA205;MA364   
MA255;MA364   
PH255;MC300   
PH251;MC300   
MA205;MC300   
PH251;MC300   
MA104;MC300   
PH205;MC300   
MA104;MC300   
MA205;MC300   
PH201;MC300   
MA255;MC300   
PH201;MC300   
MA255;MC300   
CH101;MC311   
MA205;MC311   
PH201;MC311   
CH101;MC311   
MA255;MC311   
PH251;MC311   
PH201;MC311   
CH151;MC311   
MA205;MC311   
PH251;MC311   
CH151;MC311   
MA255;MC311   
PH251;MC311   
CH151;MC311   
MA205;MC311   
PH201;MC311   
CH151;MC311   
MA255;MC311   
PH201;MC311   
CH101;MC311   
MA205;MC311   
PH251;MC311   
CH101;MC311   
MA255;MC311   
MA205;ME370   
MA255;ME370   
PH202;NE300   
PH252;NE300   
PH204;NE300   
PH254;NE300   
NE300;NE350   
NE300;NE355   
NE300;NE450   
NE350;NE452   
NE355;NE452   
NE300;NE474   
NE495;NE496   
PH204;PH365   
PH254;PH365   
PH202;PH365   
PH252;PH365   
PH206;PH365   
PH256;PH365   
