CE300;CE380   
MA206;CE380   
CE302;CE380   
MA206;CE380   
MA206;CE380   
MC300;CE380   
MA206;CE380   
MC302;CE380   
CE364;CE403   
MC364;CE403   
CE403;CE404   
CE453;CE404   
CE350;CE450   
MC300;CE450   
CE403;CE483   
PH255;MC300   
PH251;MC300   
MA205;MC300   
PH251;MC300   
MA104;MC300   
PH205;MC300   
MA104;MC300   
MA205;MC300   
PH201;MC300   
MA255;MC300   
PH201;MC300   
MA255;MC300   
MA205;MC364   
MC300;MC364   
MA255;MC364   
MC300;MC364   
CE300;MC364   
MA205;MC364   
CE300;MC364   
MA255;MC364   
CE389;CE389A  
EV203;CE390   
EV203X;CE390   
CE302;CE399   
CE300;CE399   
MC302;CE399   
MC300;CE399   
CE371;CE472   
CE403;CE491   
CE371;CE495   
CE380;CE495   
CH102;EV385   
MA255;EV385   
CH102;EV385   
MA205;EV385   
CH152;EV385   
MA205;EV385   
CH152;EV385   
MA255;EV385   
EV203;EV394   
MA206;EV394   
EV203;EV394   
MA205;EV394   
EV203;EV394   
MA255;EV394   
EV203;EV398   
EV203X;EV398   
XS391;EV401   
PH201;MC306   
PH251;MC306   
PH205;MC306   
PH255;MC306   
MC311;MC312   
ME311;MC312   
CH102;MC380   
MC364;MC380   
CH152;MC380   
MC364;MC380   
CE364;MC380   
CH102;MC380   
CE364;MC380   
CH152;MC380   
MC364;MC478   
CE364;MC478   
MA364;MC486   
MC306;MC486   
MA205;ME370   
MA255;ME370   
MC311;ME472   
ME311;ME491   
MC311;ME491   
MA205;EE301   
PH202;EE301   
MA205;EE301   
PH252;EE301   
MA255;EE301   
PH204;EE301   
MA205;EE301   
PH254;EE301   
MA255;EE301   
PH254;EE301   
MA255;EE301   
PH202;EE301   
MA255;EE301   
PH252;EE301   
MA205;EE301   
PH204;EE301   
CH101;MC311   
MA205;MC311   
PH201;MC311   
CH151;MC311   
MA255;MC311   
PH255;MC311   
CH151;MC311   
MA255;MC311   
PH205;MC311   
CH151;MC311   
MA205;MC311   
PH255;MC311   
CH101;MC311   
MA255;MC311   
PH255;MC311   
CH151;MC311   
MA205;MC311   
PH205;MC311   
CH101;MC311   
MA255;MC311   
PH205;MC311   
CH101;MC311   
MA205;MC311   
PH255;MC311   
CH151;MC311   
MA255;MC311   
PH251;MC311   
CH101;MC311   
MA205;MC311   
PH205;MC311   
CH151;MC311   
MA255;MC311   
PH201;MC311   
CH151;MC311   
MA205;MC311   
PH251;MC311   
CH101;MC311   
MA255;MC311   
PH251;MC311   
CH151;MC311   
MA205;MC311   
PH201;MC311   
CH101;MC311   
MA255;MC311   
PH201;MC311   
CH101;MC311   
MA205;MC311   
PH251;MC311   
CH101;CH102   
CH151;CH102   
CH101;CH275   
CH151;CH275   
MA205;MA364   
MA255;MA364   
MA205;MA371   
MA255;MA371   
MA206;MA376   
CS105;MA386   
MA205;MA386   
CS105;MA386   
MA255;MA386   
CS155;MA386   
MA205;MA386   
IT155;MA386   
MA205;MA386   
IT155;MA386   
MA255;MA386   
CS155;MA386   
MA255;MA386   
IT105;MA386   
MA205;MA386   
IT105;MA386   
MA255;MA386   
CE371;CE493   
CE380;CE493   
CE403;CE493   
CE493;CE494   
PH201;PH206   
PH205;PH206   
PH251;PH206   
PH255;PH206   
MA104;MA205   
MA205;EE301   
PH202;EE301   
MA205;EE301   
PH252;EE301   
MA255;EE301   
PH204;EE301   
MA205;EE301   
PH254;EE301   
MA255;EE301   
PH254;EE301   
MA255;EE301   
PH202;EE301   
MA255;EE301   
PH252;EE301   
MA205;EE301   
PH204;EE301   
CE350;CE450   
MC300;CE450   
PH255;MC300   
PH251;MC300   
MA205;MC300   
PH251;MC300   
MA104;MC300   
PH205;MC300   
MA104;MC300   
MA205;MC300   
PH201;MC300   
MA255;MC300   
PH201;MC300   
MA255;MC300   
