EV203;IT305   
IT155;IT305   
PH202;IT305   
EV203;IT305   
IT155;IT305   
PH252;IT305   
IT105;IT305   
PH202;IT305   
EV203;IT305   
IT105;IT305   
PH252;IT305   
EV203;IT305   
EV203;IT305   
PH204;IT305   
CS155;IT305   
EV203;IT305   
PH254;IT305   
EV203;IT305   
EV203;IT305   
PH204;IT305   
CS105;IT305   
EV203;IT305   
PH254;IT305   
CS155;IT305   
IT155;IT305   
PH204;IT305   
EV203;IT305   
IT155;IT305   
PH254;IT305   
CS105;IT305   
IT105;IT305   
PH204;IT305   
EV203;IT305   
IT105;IT305   
PH254;IT305   
EV203;IT305   
PH254;IT355   
PH254;IT355   
CS155;IT355   
EV203;IT355   
PH204;IT355   
CS155;IT355   
EV203;IT355   
PH254;IT355   
CS105;IT355   
EV203;IT355   
PH204;IT355   
CS105;IT355   
EV203;IT355   
PH254;IT355   
EV203;IT355   
IT155;IT355   
PH204;IT355   
EV203;IT355   
IT155;IT355   
EV203;IT355   
IT105;IT355   
PH204;IT355   
EV203;IT355   
IT105;IT355   
MA205;EE301   
PH202;EE301   
MA205;EE301   
PH252;EE301   
MA255;EE301   
PH204;EE301   
MA205;EE301   
PH254;EE301   
MA255;EE301   
PH254;EE301   
MA255;EE301   
PH202;EE301   
MA255;EE301   
PH252;EE301   
MA205;EE301   
PH204;EE301   
PH255;MC300   
PH251;MC300   
MA205;MC300   
PH251;MC300   
MA104;MC300   
PH205;MC300   
MA104;MC300   
MA205;MC300   
PH201;MC300   
MA255;MC300   
PH201;MC300   
MA255;MC300   
PH201;MC306   
PH251;MC306   
PH205;MC306   
PH255;MC306   
CH101;MC311   
MA205;MC311   
PH201;MC311   
CH101;MC311   
MA255;MC311   
PH251;MC311   
PH201;MC311   
CH151;MC311   
MA205;MC311   
PH251;MC311   
CH151;MC311   
MA255;MC311   
PH251;MC311   
CH151;MC311   
MA205;MC311   
PH201;MC311   
CH151;MC311   
MA255;MC311   
PH201;MC311   
CH101;MC311   
MA205;MC311   
PH251;MC311   
CH101;MC311   
MA255;MC311   
MC311;MC312   
ME311;MC312   
MA205;MC364   
MC300;MC364   
MA255;MC364   
MC300;MC364   
CE300;MC364   
MA205;MC364   
CE300;MC364   
MA255;MC364   
CH102;MC380   
MC364;MC380   
CH152;MC380   
MC364;MC380   
CE364;MC380   
CH102;MC380   
CE364;MC380   
CH152;MC380   
MA205;ME370   
MA255;ME370   
CE300;ME403   
CE364;ME403   
ME403;ME404   
ME404;ME496   
CE364;CE403   
CH362;CH364   
CH102;CH385   
CH152;CH385   
CH385;CH387   
CS105;EE360   
CS155;EE360   
IT105;EE360   
IT155;EE360   
EE302;EE377   
EE301;EE377   
MA206;EM420   
MA205;MA364   
MA255;MA364   
ME306;ME387   
ME311;ME387   
MC306;ME387   
MC311;ME387   
ME387;ME388   
EE301;ME472   
EM301;ME472   
EM362;ME472   
EE301;ME472   
EM301A;ME472   
EM362;ME472   
EE301;ME472   
ME301;ME472   
ME362;ME472   
EE301;ME472   
EM301;ME472   
EM362A;ME472   
EE301;ME472   
EM301A;ME472   
EM362A;ME472   
ME311;ME491   
MC311;ME491   
PH202;NE300   
PH252;NE300   
PH204;NE300   
PH254;NE300   
NE300;NE355   
EE301;XE472   
EE302;XE472   
