SS457;SS458   
SS307;SS378   
SS357;SS378   
SS307;SS478   
SS357;SS478   
SS202;SS480   
SS360;SS480   
SS386;SS480   
SS252;SS480   
SS360;SS480   
SS386;SS480   
SS202;SS481   
SS360;SS481   
SS386;SS481   
SS252;SS481   
SS360;SS481   
SS386;SS481   
SS307;SS483   
SS357;SS483   
SS307;SS486   
SS357;SS486   
SS202;SS490A  
SS252;SS490A  
SS307;SS490B  
SS366;SS490B  
SS357;SS490B  
SS366;SS490B  
SS307;SS490C  
SS357;SS490C  
PL300;PL482   
PL350;PL482   
SS202;SS373   
SS252;SS373   
SS202;SS379   
SS252;SS379   
SS202;SS381   
SS252;SS381   
SS202;SS386   
SS252;SS386   
SS360;SS468   
SS252;SS468   
SS386;SS468   
SS202;SS468   
SS360;SS468   
SS202;SS468   
SS386;SS468   
SS252;SS468   
SS202;SS472   
SS252;SS472   
SS307;SS479   
SS360;SS479   
SS357;SS479   
SS360;SS479   
SS202;SS480   
SS360;SS480   
SS386;SS480   
SS252;SS480   
SS360;SS480   
SS386;SS480   
MA206;SS364   
SS368;SS380   
SS382;SS380   
SS201;SS385   
SS251;SS385   
SS368;SS461   
SS382;SS461   
SS484;SS477   
SS368;SS477   
SS382;SS477   
SS388;SS477   
SS380;SS477   
SS387;SS477   
SS382;SS484   
SS388;SS484   
SS307;SS487   
SS357;SS487   
SS201;SS490D  
SS251;SS490D  
HI108;HI381   
HI154;HI381   
HI158;HI381   
HI104;HI381   
IT105;IT460   
SS307;IT460   
IT105;IT460   
SS357;IT460   
IT155;IT460   
SS307;IT460   
IT155;IT460   
SS357;IT460   
SS307;SS464   
SS307;SS465   
SS357;SS465   
SS465;SS466   
SS474;SS466   
SS307;SS476   
SS357;SS476   
SS307;XH467   
SS357;XH467   
EV203;EV482   
EV203X;EV482   
HI104;HI338   
HI108;HI338   
HI154;HI338   
HI158;HI338   
HI108;HI344   
HI154;HI344   
HI158;HI344   
HI104;HI344   
HI104;HI355   
HI108;HI355   
HI154;HI355   
HI158;HI355   
HI104;HI356   
HI108;HI356   
HI154;HI356   
HI158;HI356   
HI104;HI357   
HI108;HI357   
HI154;HI357   
HI158;HI357   
HI104;HI358   
HI108;HI358   
HI154;HI358   
HI158;HI358   
HI104;HI359   
HI108;HI359   
HI154;HI359   
HI158;HI359   
HI104;HI372   
HI108;HI372   
HI154;HI372   
HI158;HI372   
HI108;HI385   
HI104;HI385   
HI154;HI385   
HI158;HI385   
HI108;HI498   
HI104;HI498   
HI158;HI498   
HI154;HI498   
MG420;MG421   
SS307;SS473   
SS357;SS473   
SS307;SS483   
SS357;SS483   
SS307;SS486   
SS357;SS486   
CE371;CE493   
CE380;CE493   
CE403;CE493   
CE493;CE494   
CH365;CH402   
CH459;CH402   
CH485;CH402   
CS484;CY450   
CY350;CY450   
EV481;EV490   
EV490;EV491   
HI104;HI362   
HI108;HI362   
HI154;HI362   
HI158;HI362   
IT105;IT460   
SS307;IT460   
IT105;IT460   
SS357;IT460   
IT155;IT460   
SS307;IT460   
IT155;IT460   
SS357;IT460   
MA206;MA490   
ME403;ME404   
ME404;ME496   
NE495;NE496   
PH361;PH489   
PH365;PH489   
CS403;XE401   
EE362;XE401   
IT394;XE401   
SS307;DS455   
SS357;DS455   
EV203;EV365   
EV203X;EV365   
EV365;EV372   
HI104;HI337   
HI108;HI337   
HI154;HI337   
HI158;HI337   
HI154;HI346   
HI158;HI346   
HI104;HI346   
HI108;HI346   
HI104;HI347   
HI108;HI347   
HI154;HI347   
HI158;HI347   
LC483;LC484   
SS202;SS372   
SS252;SS372   
SS202;SS374   
SS252;SS374   
SS307;DS455   
SS357;DS455   
EV203;EV365   
EV203X;EV365   
EV365;EV371   
EV365;EV386   
HI104;HI342   
HI108;HI342   
HI154;HI342   
HI158;HI342   
HI158;HI343   
HI104;HI343   
HI108;HI343   
HI154;HI343   
HI104;HI361   
HI108;HI361   
HI154;HI361   
HI158;HI361   
HI104;HI364   
HI108;HI364   
HI154;HI364   
HI158;HI364   
HI104;HI367   
HI108;HI367   
HI154;HI367   
HI158;HI367   
HI104;HI368   
HI108;HI368   
HI154;HI368   
HI158;HI368   
SS202;SS375   
SS252;SS375   
SS202;SS377   
SS252;SS377   
SS307;DS455   
SS357;DS455   
EV203;EV365   
EV203X;EV365   
EV365;EV375   
EV365;EV376   
HI104;HI339   
HI108;HI339   
HI154;HI339   
HI158;HI339   
HI104;HI345   
HI108;HI345   
HI154;HI345   
HI158;HI345   
HI158;HI349   
HI104;HI349   
HI108;HI349   
HI154;HI349   
LA483;LA484   
SS202;SS383   
SS252;SS383   
SS202;SS475   
SS252;SS475   
SS202;SS485   
SS252;SS485   
SS307;DS455   
SS357;DS455   
EV203;EV365   
EV203X;EV365   
EV365;EV373   
HI104;HI348   
HI108;HI348   
HI154;HI348   
HI158;HI348   
LP475;LP484   
SS202;SS384   
SS252;SS384   
SS202;SS475   
SS252;SS475   
