MA205;MA371   
MA255;MA371   
MA206;MA376   
MA205;MA381   
MA255;MA381   
MA206;MA476   
MA371;MA481   
MA206;SE385   
SE301;SE385   
IT105;SE387   
IT155;SE387   
CS105;SE387   
CS155;SE387   
MA206;SE388   
SE387;SE388   
CS360;CS384   
CS360A;CS384   
CS301;CS384   
CY300;CS384   
CS384;CS486   
EE360;CS486   
CS384;CS486   
EE300;CS486   
MA206;EM420   
MA206;EM481   
MA206;MA372   
MA205;MA383   
MA205X;MA383   
MA255;MA383   
CS105;MA386   
MA205;MA386   
CS105;MA386   
MA255;MA386   
CS155;MA386   
MA205;MA386   
IT155;MA386   
MA205;MA386   
IT155;MA386   
MA255;MA386   
CS155;MA386   
MA255;MA386   
IT105;MA386   
MA205;MA386   
IT105;MA386   
MA255;MA386   
MA383;MA387   
MA205;MA391   
MA255;MA391   
MA206;MA461   
MA206;MA462   
SE301;SE370   
IT155;SE370   
SE301;SE370   
SE300;SE370   
CS105;SE370   
SE301;SE370   
CS155;SE370   
SE301;SE370   
IT105;SE370   
SE300;SE370   
CS155;SE370   
SE300;SE370   
IT105;SE370   
SE300;SE370   
IT155;SE370   
CS105;SE370   
EM384;SE485   
MA376;SE485   
SE375;SE485   
MA255;SS382   
SS251;SS382   
MA205;SS382   
SS201;SS382   
MA205;SS382   
SS251;SS382   
MA255;SS382   
SS201;SS382   
SS201;SS388   
SS251;SS388   
MA476;SS469   
SS368;SS469   
IT105;CY305   
IT155;CY305   
IT105;CY355   
IT155;CY355   
MA206;EM481   
EM384;SE485   
MA376;SE485   
SE375;SE485   
CS360;CS384   
CS360A;CS384   
CS301;CS384   
CY300;CS384   
CS384;CS486   
EE360;CS486   
CS384;CS486   
EE300;CS486   
MA206;EM420   
MA206;EM481   
SE301;SE370   
IT155;SE370   
SE301;SE370   
SE300;SE370   
CS105;SE370   
SE301;SE370   
CS155;SE370   
SE301;SE370   
IT105;SE370   
SE300;SE370   
CS155;SE370   
SE300;SE370   
IT105;SE370   
SE300;SE370   
IT155;SE370   
CS105;SE370   
EM384;SE485   
MA376;SE485   
SE375;SE485   
MA255;SS382   
SS251;SS382   
MA205;SS382   
SS201;SS382   
MA205;SS382   
SS251;SS382   
MA255;SS382   
SS201;SS382   
SS201;SS388   
SS251;SS388   
MA476;SS469   
SS368;SS469   
SE388;SE402   
EM384;SE402   
SE301;SE403   
SE388;SE403   
SE402;SE403   
CH101;CH102   
CH151;CH102   
CH101;CH275   
CH151;CH275   
PH201;PH206   
PH205;PH206   
PH251;PH206   
PH255;PH206   
PH205;PH256   
PH255;PH256   
PH201;PH256   
PH251;PH256   
MA104;MA205   
IT105;CY305   
IT155;CY305   
IT105;CY355   
IT155;CY355   
MA206;MA376   
SE301;SE403   
SE388;SE403   
SE402;SE403   
