SS307;SS465   
SS357;SS465   
SS465;SS466   
SS474;SS466   
CS484;CY450   
CY350;CY450   
HI108;HI381   
HI154;HI381   
HI158;HI381   
HI104;HI381   
IT105;IT460   
SS307;IT460   
IT105;IT460   
SS357;IT460   
IT155;IT460   
SS307;IT460   
IT155;IT460   
SS357;IT460   
NE300;NE450   
PL300;PL482   
PL350;PL482   
SS307;SS464   
SS307;SS473   
SS357;SS473   
SS307;SS476   
SS357;SS476   
SS368;SS477   
SS382;SS477   
SS388;SS477   
SS307;SS478   
SS357;SS478   
SS202;SS481   
SS252;SS481   
SS307;SS483   
SS357;SS483   
SS307;SS486   
SS357;SS486   
SS202;SS490A  
SS252;SS490A  
SS307;SS490B  
SS366;SS490B  
SS357;SS490B  
SS366;SS490B  
SS307;SS490C  
SS357;SS490C  
EV203;EV365   
EV203X;EV365   
EV365;EV375   
EV365;EV376   
HI104;HI339   
HI108;HI339   
HI154;HI339   
HI158;HI339   
HI104;HI345   
HI108;HI345   
HI154;HI345   
HI158;HI345   
HI158;HI349   
HI104;HI349   
HI108;HI349   
HI154;HI349   
LA483;LA484   
SS202;SS383   
SS252;SS383   
SS202;SS475   
SS252;SS475   
SS202;SS485   
SS252;SS485   
SS202;SS490A  
SS252;SS490A  
SS307;SS490B  
SS366;SS490B  
SS357;SS490B  
SS366;SS490B  
SS307;SS490C  
SS357;SS490C  
EV203;EV365   
EV203X;EV365   
EV365;EV372   
HI104;HI337   
HI108;HI337   
HI154;HI337   
HI158;HI337   
HI154;HI346   
HI158;HI346   
HI104;HI346   
HI108;HI346   
HI104;HI347   
HI108;HI347   
HI154;HI347   
HI158;HI347   
LC483;LC484   
SS202;SS372   
SS252;SS372   
SS202;SS374   
SS252;SS374   
SS202;SS490A  
SS252;SS490A  
SS307;SS490B  
SS366;SS490B  
SS357;SS490B  
SS366;SS490B  
SS307;SS490C  
SS357;SS490C  
EV203;EV365   
EV203X;EV365   
EV365;EV373   
HI104;HI348   
HI108;HI348   
HI154;HI348   
HI158;HI348   
LP475;LP484   
SS202;SS384   
SS252;SS384   
SS202;SS475   
SS252;SS475   
SS202;SS490A  
SS252;SS490A  
SS307;SS490B  
SS366;SS490B  
SS357;SS490B  
SS366;SS490B  
SS307;SS490C  
SS357;SS490C  
EV203;EV365   
EV203X;EV365   
EV365;EV371   
EV365;EV386   
HI158;HI343   
HI104;HI343   
HI108;HI343   
HI154;HI343   
HI104;HI361   
HI108;HI361   
HI154;HI361   
HI158;HI361   
HI104;HI364   
HI108;HI364   
HI154;HI364   
HI158;HI364   
HI104;HI367   
HI108;HI367   
HI154;HI367   
HI158;HI367   
HI104;HI368   
HI108;HI368   
HI154;HI368   
HI158;HI368   
SS202;SS375   
SS252;SS375   
SS202;SS377   
SS252;SS377   
SS202;SS490A  
SS252;SS490A  
SS307;SS490B  
SS366;SS490B  
SS357;SS490B  
SS366;SS490B  
SS307;SS490C  
SS357;SS490C  
