SS202;SS360   
SS252;SS360   
SS202;SS366   
SS252;SS366   
SS202;SS376   
SS252;SS376   
SS202;SS386   
SS252;SS386   
SS202;SS370   
SS252;SS370   
SS202;SS373   
SS252;SS373   
SS202;SS379   
SS252;SS379   
SS202;SS392   
SS360;SS392   
SS252;SS392   
SS360;SS392   
SS307;SS464   
SS307;SS465   
SS357;SS465   
SS465;SS466   
SS474;SS466   
SS360;SS468   
SS252;SS468   
SS386;SS468   
SS202;SS468   
SS360;SS468   
SS202;SS468   
SS386;SS468   
SS252;SS468   
SS202;SS472   
SS252;SS472   
SS307;SS473   
SS357;SS473   
SS202;SS481   
SS360;SS481   
SS386;SS481   
SS252;SS481   
SS360;SS481   
SS386;SS481   
SS202;SS490A  
SS252;SS490A  
SS360;SS493   
SS386;SS493   
SS202;SS372   
SS252;SS372   
SS202;SS374   
SS252;SS374   
SS202;SS375   
SS252;SS375   
SS202;SS377   
SS252;SS377   
SS307;SS378   
SS357;SS378   
SS202;SS381   
SS252;SS381   
SS202;SS383   
SS252;SS383   
SS202;SS384   
SS252;SS384   
SS202;SS475   
SS252;SS475   
SS307;SS476   
SS357;SS476   
SS307;SS478   
SS357;SS478   
SS307;SS483   
SS357;SS483   
SS202;SS485   
SS252;SS485   
SS307;SS486   
SS357;SS486   
SS307;SS487   
SS357;SS487   
SS307;SS490C  
SS357;SS490C  
SS307;XH467   
SS357;XH467   
HI104;HI372   
HI108;HI372   
HI154;HI372   
HI158;HI372   
HI104;HI396   
HI108;HI396   
HI154;HI396   
HI158;HI396   
HI104;HI397   
HI108;HI397   
HI154;HI397   
HI158;HI397   
HI104;HI398   
HI108;HI398   
HI154;HI398   
HI158;HI398   
LW403;LW475   
PL100;PL377   
PL150;PL377   
PL100;PL393   
PL150;PL393   
EV203;EV365   
EV203X;EV365   
EV203;EV391A  
EV203X;EV391A  
EV203;EV482   
EV203X;EV482   
EV203;EV486   
EV365;EV486   
EV203X;EV486   
EV365;EV486   
PL100;PL377   
PL150;PL377   
MA205;PL396   
PL100;PL396   
MA153;PL396   
PL100;PL396   
MA206;SS364   
MA206;SS368   
SS368;SS380   
SS382;SS380   
MA255;SS382   
SS251;SS382   
MA205;SS382   
SS201;SS382   
MA205;SS382   
SS251;SS382   
MA255;SS382   
SS201;SS382   
SS201;SS385   
SS251;SS385   
SS382;SS387   
SS382;SS387   
SS201;SS387   
SS368;SS387   
SS382;SS387   
SS251;SS387   
SS368;SS387   
SS201;SS387   
SS360;SS387   
SS382;SS387   
SS251;SS387   
SS360;SS387   
MA476;SS469   
SS368;SS469   
SS484;SS477   
SS368;SS477   
SS382;SS477   
SS388;SS477   
SS380;SS477   
SS387;SS477   
MA205;PL396   
PL100;PL396   
MA153;PL396   
PL100;PL396   
MA206;SS368   
SS201;SS388   
SS251;SS388   
SS201;SS394   
SS251;SS394   
SS388;SS470   
SS251;SS494   
SS394;SS494   
SS201;SS494   
SS394;SS494   
LW403;LW475   
PL100;PL393   
PL150;PL393   
HI108;HI344   
HI154;HI344   
HI158;HI344   
HI104;HI344   
HI104;HI358   
HI108;HI358   
HI154;HI358   
HI158;HI358   
MG420;MG421   
PL300;PL398   
PL350;PL398   
MA206;MA376   
PL100;PL361   
PL150;PL361   
MA205;PL396   
PL100;PL396   
MA153;PL396   
PL100;PL396   
MA206;SS364   
MA206;SS368   
MA476;SS469   
SS368;SS469   
HI104;HI358   
HI108;HI358   
HI154;HI358   
HI158;HI358   
MA205;PL396   
PL100;PL396   
MA153;PL396   
PL100;PL396   
SS382;SS387   
SS382;SS387   
SS201;SS387   
SS368;SS387   
SS382;SS387   
SS251;SS387   
SS368;SS387   
SS201;SS387   
SS360;SS387   
SS382;SS387   
SS251;SS387   
SS360;SS387   
HI104;HI398   
HI108;HI398   
HI154;HI398   
HI158;HI398   
PL100;PL361   
PL150;PL361   
PL100;PL372   
PL150;PL372   
PL100;PL383   
PL150;PL383   
PL300;PL398   
PL350;PL398   
MA206;SS364   
SS368;SS380   
SS382;SS380   
HI104;HI365   
HI108;HI365   
HI154;HI365   
HI158;HI365   
HI108;HI385   
HI104;HI385   
HI154;HI385   
HI158;HI385   
HI104;HI391   
HI108;HI391   
HI154;HI391   
HI158;HI391   
LW403;LW475   
MA205;PL396   
PL100;PL396   
MA153;PL396   
PL100;PL396   
SS484;SS477   
SS368;SS477   
SS382;SS477   
SS388;SS477   
SS380;SS477   
SS387;SS477   
SS307;DS455   
SS357;DS455   
HI108;HI344   
HI154;HI344   
HI158;HI344   
HI104;HI344   
HI104;HI358   
HI108;HI358   
HI154;HI358   
HI158;HI358   
MG420;MG421   
MA206;SS364   
SS202;SS480   
SS360;SS480   
SS386;SS480   
SS252;SS480   
SS360;SS480   
SS386;SS480   
CH101;CH102   
CH151;CH102   
CH101;CH275   
CH151;CH275   
PH201;PH206   
PH205;PH206   
PH251;PH206   
PH255;PH206   
PH205;PH256   
PH255;PH256   
PH201;PH256   
PH251;PH256   
IT105;CY305   
IT155;CY305   
IT105;CY355   
IT155;CY355   
IT105;CY305   
IT155;CY305   
IT105;CY355   
IT155;CY355   
SS202;SS366   
SS252;SS366   
